{
  "sub-01": {
    "visual": {
      "mean_correlation": 0.2136809119679184,
      "max_correlation": 0.5114873456395682,
      "std_correlation": 0.09465234828537746,
      "high_corr_regions": 202
    },
    "audio": {
      "mean_correlation": 0.11230072134871431,
      "max_correlation": 0.3830673949112913,
      "std_correlation": 0.059283568739981383,
      "high_corr_regions": 17
    },
    "language": {
      "mean_correlation": 0.12881250519887594,
      "max_correlation": 0.3387804020768077,
      "std_correlation": 0.05302282410932032,
      "high_corr_regions": 12
    }
  },
  "sub-02": {
    "visual": {
      "mean_correlation": 0.1953756334687094,
      "max_correlation": 0.49323915488620595,
      "std_correlation": 0.09111167459196523,
      "high_corr_regions": 146
    },
    "audio": {
      "mean_correlation": 0.10233904962283905,
      "max_correlation": 0.3787790818130869,
      "std_correlation": 0.05899210450294409,
      "high_corr_regions": 10
    },
    "language": {
      "mean_correlation": 0.1303941709747296,
      "max_correlation": 0.3221760072779605,
      "std_correlation": 0.056742665862030923,
      "high_corr_regions": 4
    }
  },
  "sub-03": {
    "visual": {
      "mean_correlation": 0.22008406732061161,
      "max_correlation": 0.536958880176732,
      "std_correlation": 0.09939982756843783,
      "high_corr_regions": 214
    },
    "audio": {
      "mean_correlation": 0.11834727294807716,
      "max_correlation": 0.43425456651875377,
      "std_correlation": 0.07152797363727677,
      "high_corr_regions": 27
    },
    "language": {
      "mean_correlation": 0.11868645978310186,
      "max_correlation": 0.3445903400643576,
      "std_correlation": 0.05309912942418965,
      "high_corr_regions": 15
    }
  },
  "sub-05": {
    "visual": {
      "mean_correlation": 0.18634785756938785,
      "max_correlation": 0.4825453919219133,
      "std_correlation": 0.08437979058748972,
      "high_corr_regions": 118
    },
    "audio": {
      "mean_correlation": 0.09542857435600771,
      "max_correlation": 0.3318823415409041,
      "std_correlation": 0.05584030392329336,
      "high_corr_regions": 11
    },
    "language": {
      "mean_correlation": 0.1102094230737298,
      "max_correlation": 0.30085316380617644,
      "std_correlation": 0.04859560663359877,
      "high_corr_regions": 1
    }
  }
}