{
  "modality_weights": {
    "sub-01": [
      0.33456623554229736,
      0.3348977267742157,
      0.3305360972881317
    ],
    "sub-02": [
      0.32627665996551514,
      0.36520543694496155,
      0.3085179030895233
    ],
    "sub-03": [
      0.32429346442222595,
      0.3528563380241394,
      0.32285022735595703
    ],
    "sub-05": [
      0.3372686505317688,
      0.3087223470211029,
      0.3540090024471283
    ]
  }
}